<?xml version="1.0" encoding="UTF-8"?>
<!DOCTYPE suite SYSTEM "https://testng.org/testng-1.0.dtd">
<suite name="RegressionSuite">
<parameter name="browser" value="firefox"></parameter>


<parameter name="env" value="dev"></parameter>
<listeners>
	<listener class-name="com.satwa.tests.ITestNGListenerClass"></listener>
	<listener class-name="com.satwa.tests.AnnotationTranformer"></listener>
</listeners>
  <test thread-count="5" name="RegressionTest">
    <classes>
      <class name="com.satwa.tests.Contacts">
     	<methods>
     		<include name="createNewCOntact"></include>
     	</methods>
      </class>
      
     
    </classes>
  </test> 
</suite>
            